{"info":{"_postman_id":"ef7a3eff-6c45-4f9a-9a3a-0bc782137e6e","name":"Buku","schema":"https://schema.getpostman.com/json/collection/v2.1.0/collection.json"},"item":[{"name":"Get Buku","id":"1730e01a-6639-4bbe-9f29-d6be2269e007","protocolProfileBehavior":{"disableBodyPruning":true},"request":{"method":"GET","header":[],"url":{"raw":"http://localhost:8080/Buku","protocol":"http","host":["localhost"],"port":"8080","path":["Buku"]}},"response":[]},{"name":"Create Buku","id":"121b052d-a06a-4d5e-ad1b-1c9b4463c146","protocolProfileBehavior":{"disableBodyPruning":true},"request":{"method":"POST","header":[],"body":{"mode":"raw","raw":"{\r\n    \"ID\" : 1,\r\n    \"Judul_buku\" : \"test\",\r\n    \"Tema_buku\" : \"Test222\",\r\n    \"Harga\" : 1223333\r\n}","options":{"raw":{"language":"json"}}},"url":{"raw":"http://localhost:8080/Buku","protocol":"http","host":["localhost"],"port":"8080","path":["Buku"]}},"response":[]},{"name":"Update Buku","id":"a5ffa66e-cfb1-4f7c-b538-61e68a26c823","protocolProfileBehavior":{"disableBodyPruning":true},"request":{"method":"GET","header":[],"url":{"raw":"http://localhost:8080/Buku/ID","protocol":"http","host":["localhost"],"port":"8080","path":["Buku","ID"]}},"response":[]},{"name":"DeletBuku","id":"96c8cf12-b845-4785-8264-6d591dd0b6a5","protocolProfileBehavior":{"disableBodyPruning":true},"request":{"method":"DELETE","header":[],"url":{"raw":"http://localhost:8080/Buku","protocol":"http","host":["localhost"],"port":"8080","path":["Buku"]}},"response":[]}]}